{"cameraMode":{"drawMode":0,"name":"Shaded","section":"Shading Mode"},"sceneLighting":true,"audioPlay":false,"sceneViewState":{"showFog":true,"showMaterialUpdate":false,"showSkybox":true,"showFlares":true,"showImageEffects":true,"showParticleSystems":true},"in2DMode":false,"pivot":{"x":10.839929580688477,"y":2.621513843536377,"z":5.354461669921875},"rotation":{"x":0.2926269471645355,"y":-0.39234089851379397,"z":0.13317666947841645,"w":0.8618362545967102},"size":4.89335298538208,"orthographic":false}